<?xml version="1.0" encoding="utf-8" standalone="yes"?>
<rss version="2.0" xmlns:atom="http://www.w3.org/2005/Atom" xmlns:content="http://purl.org/rss/1.0/modules/content/">
  <channel>
    <title>突触递质</title>
    <link>https://post.tuclink.com/zh/</link>
    <description>Recent content on 突触递质</description>
    <generator>Hugo -- 0.125.4</generator>
    <language>zh</language>
    <lastBuildDate>Wed, 22 May 2024 00:00:00 +0000</lastBuildDate>
    <atom:link href="https://post.tuclink.com/zh/index.xml" rel="self" type="application/rss+xml" />
    <item>
      <title>10万&#43; 免费商用模型【精选优质资产网站】</title>
      <link>https://post.tuclink.com/zh/post/tool/model-asset/</link>
      <pubDate>Wed, 22 May 2024 00:00:00 +0000</pubDate>
      <guid>https://post.tuclink.com/zh/post/tool/model-asset/</guid>
      <description>10万&#43; 免费商用模型【精选优质资产网站】实现模型自由</description>
    </item>
    <item>
      <title>Material Maker 种草</title>
      <link>https://post.tuclink.com/zh/post/tool/material-maker/</link>
      <pubDate>Tue, 14 May 2024 00:00:00 +0000</pubDate>
      <guid>https://post.tuclink.com/zh/post/tool/material-maker/</guid>
      <description>1000&#43; 免费材质分享【Material Maker】（适用于 Godot、Unity、Unreal、Blender）</description>
    </item>
    <item>
      <title>Godot Shader 范围指示器</title>
      <link>https://post.tuclink.com/zh/post/shader/shader-5/</link>
      <pubDate>Sun, 12 May 2024 00:00:00 +0000</pubDate>
      <guid>https://post.tuclink.com/zh/post/shader/shader-5/</guid>
      <description>Godot Shader 分享</description>
    </item>
    <item>
      <title>Hugo 添加数学公式支持</title>
      <link>https://post.tuclink.com/zh/post/hugo/hugo-math/</link>
      <pubDate>Sun, 12 May 2024 00:00:00 +0000</pubDate>
      <guid>https://post.tuclink.com/zh/post/hugo/hugo-math/</guid>
      <description>使用 mathjax 添加 latex 公式支持</description>
    </item>
    <item>
      <title>Win 11 右下角设置面板无法打开</title>
      <link>https://post.tuclink.com/zh/post/tips/win-11/</link>
      <pubDate>Sun, 12 May 2024 00:00:00 +0000</pubDate>
      <guid>https://post.tuclink.com/zh/post/tips/win-11/</guid>
      <description>解决 Win 11 右下角设置面板老是无法打开的问题</description>
    </item>
    <item>
      <title>数学知识</title>
      <link>https://post.tuclink.com/zh/post/collect/math/</link>
      <pubDate>Sun, 12 May 2024 00:00:00 +0000</pubDate>
      <guid>https://post.tuclink.com/zh/post/collect/math/</guid>
      <description>主要是与着色器相关的一些数学知识点</description>
    </item>
    <item>
      <title>Godot Shader 面片草地效果</title>
      <link>https://post.tuclink.com/zh/post/shader/shader-4/</link>
      <pubDate>Sat, 11 May 2024 00:00:00 +0000</pubDate>
      <guid>https://post.tuclink.com/zh/post/shader/shader-4/</guid>
      <description>Godot Shader 分享</description>
    </item>
    <item>
      <title>死亡搁浅摄影收集</title>
      <link>https://post.tuclink.com/zh/post/picture/death-stranding/</link>
      <pubDate>Sat, 11 May 2024 00:00:00 +0000</pubDate>
      <guid>https://post.tuclink.com/zh/post/picture/death-stranding/</guid>
      <description>死亡搁浅官方摄影征集精选</description>
    </item>
    <item>
      <title>Godot Shader 多层草地效果</title>
      <link>https://post.tuclink.com/zh/post/shader/shader-3/</link>
      <pubDate>Tue, 07 May 2024 00:00:00 +0000</pubDate>
      <guid>https://post.tuclink.com/zh/post/shader/shader-3/</guid>
      <description>Godot Shader 分享</description>
    </item>
    <item>
      <title>第一章 尘封 新生</title>
      <link>https://post.tuclink.com/zh/post/story/lonely/</link>
      <pubDate>Tue, 07 May 2024 00:00:00 +0000</pubDate>
      <guid>https://post.tuclink.com/zh/post/story/lonely/</guid>
      <description>昏沉的醒过来，视野中还闪烁着彩色噪点，眼前的景象随着闪烁的绿色灯光被间断的点亮 隐约能辨认出，眼前堆满了各类杂乱机械部件，自己似乎被放在了一张</description>
    </item>
    <item>
      <title>为网站添加 WebGL 背景</title>
      <link>https://post.tuclink.com/zh/post/hugo/web-shader/</link>
      <pubDate>Mon, 29 Apr 2024 00:00:00 +0000</pubDate>
      <guid>https://post.tuclink.com/zh/post/hugo/web-shader/</guid>
      <description>WebGL 设置分享</description>
    </item>
    <item>
      <title>Hugo 图库 lightgallerys 方案</title>
      <link>https://post.tuclink.com/zh/post/hugo/hugo-picture-1/</link>
      <pubDate>Sun, 28 Apr 2024 00:00:00 +0000</pubDate>
      <guid>https://post.tuclink.com/zh/post/hugo/hugo-picture-1/</guid>
      <description>图库</description>
    </item>
    <item>
      <title>Hugo 图库 nanogallery 方案</title>
      <link>https://post.tuclink.com/zh/post/hugo/hugo-picture-2/</link>
      <pubDate>Sun, 28 Apr 2024 00:00:00 +0000</pubDate>
      <guid>https://post.tuclink.com/zh/post/hugo/hugo-picture-2/</guid>
      <description>图库</description>
    </item>
    <item>
      <title>Hugo 图库 photo swipe 方案</title>
      <link>https://post.tuclink.com/zh/post/hugo/hugo-picture-3/</link>
      <pubDate>Sun, 28 Apr 2024 00:00:00 +0000</pubDate>
      <guid>https://post.tuclink.com/zh/post/hugo/hugo-picture-3/</guid>
      <description>图库</description>
    </item>
    <item>
      <title>如何在 Github 中使用编辑器</title>
      <link>https://post.tuclink.com/zh/post/tips/github/</link>
      <pubDate>Sun, 21 Apr 2024 00:00:00 +0000</pubDate>
      <guid>https://post.tuclink.com/zh/post/tips/github/</guid>
      <description>在 Github 中使用编辑器</description>
    </item>
    <item>
      <title>Godot Shader 类小丑牌背景效果</title>
      <link>https://post.tuclink.com/zh/post/shader/shader-2/</link>
      <pubDate>Fri, 19 Apr 2024 00:00:00 +0000</pubDate>
      <guid>https://post.tuclink.com/zh/post/shader/shader-2/</guid>
      <description>Godot Shader 分享</description>
    </item>
    <item>
      <title>Godot Shader 暗角 虚化 黑白 缩放 瓷砖动画(条纹 方形 扇形 斑点 棋盘 图片 旋转/平移动画)</title>
      <link>https://post.tuclink.com/zh/post/shader/shader-1/</link>
      <pubDate>Thu, 18 Apr 2024 00:00:00 +0000</pubDate>
      <guid>https://post.tuclink.com/zh/post/shader/shader-1/</guid>
      <description>Godot Shader 分享</description>
    </item>
    <item>
      <title>Super Ball 服务协议</title>
      <link>https://post.tuclink.com/zh/post/policy/agreements/</link>
      <pubDate>Sat, 13 Apr 2024 00:00:00 +0000</pubDate>
      <guid>https://post.tuclink.com/zh/post/policy/agreements/</guid>
      <description>服务协议</description>
    </item>
    <item>
      <title>Super Ball 隐私政策</title>
      <link>https://post.tuclink.com/zh/post/policy/privacypolicy/</link>
      <pubDate>Sat, 13 Apr 2024 00:00:00 +0000</pubDate>
      <guid>https://post.tuclink.com/zh/post/policy/privacypolicy/</guid>
      <description>隐私政策</description>
    </item>
    <item>
      <title>Godot：SB 开发快照（游戏 UI 演示）</title>
      <link>https://post.tuclink.com/zh/post/dev/dev-2/</link>
      <pubDate>Wed, 27 Mar 2024 00:00:00 +0000</pubDate>
      <guid>https://post.tuclink.com/zh/post/dev/dev-2/</guid>
      <description>游戏内的 UI 演示</description>
    </item>
    <item>
      <title>FFmpeg 音频转换脚本</title>
      <link>https://post.tuclink.com/zh/post/tips/ffmpeg/</link>
      <pubDate>Tue, 19 Mar 2024 00:00:00 +0000</pubDate>
      <guid>https://post.tuclink.com/zh/post/tips/ffmpeg/</guid>
      <description>FFmpeg 音频转换</description>
    </item>
    <item>
      <title>Godot：SB 开发快照（游戏声音演示）</title>
      <link>https://post.tuclink.com/zh/post/dev/dev-1/</link>
      <pubDate>Mon, 18 Mar 2024 00:00:00 +0000</pubDate>
      <guid>https://post.tuclink.com/zh/post/dev/dev-1/</guid>
      <description>游戏内的交互音效演示</description>
    </item>
    <item>
      <title>热闹的孤寂-拥挤的城市与原子的个体</title>
      <link>https://post.tuclink.com/zh/post/article/lonely/</link>
      <pubDate>Mon, 01 Jan 2024 00:00:00 +0000</pubDate>
      <guid>https://post.tuclink.com/zh/post/article/lonely/</guid>
      <description>章节导读 你会感到孤独吗？ 当然我相信每人都有着不同的感受，但确实有数据表明当代的我们正在整体性的滑向孤独 明明现在的大部分人都居住在拥挤的城市之</description>
    </item>
    <item>
      <title>Hello World</title>
      <link>https://post.tuclink.com/zh/article/</link>
      <pubDate>Sat, 01 Jan 2000 00:00:00 +0000</pubDate>
      <guid>https://post.tuclink.com/zh/article/</guid>
      <description>这是一个测试帖</description>
    </item>
  </channel>
</rss>
