<?xml version="1.0" encoding="utf-8" standalone="yes"?>
<rss version="2.0" xmlns:atom="http://www.w3.org/2005/Atom" xmlns:content="http://purl.org/rss/1.0/modules/content/">
  <channel>
    <title>干货 on 突触递质</title>
    <link>https://post.tuclink.com/zh/tags/%E5%B9%B2%E8%B4%A7/</link>
    <description>Recent content in 干货 on 突触递质</description>
    <generator>Hugo -- 0.125.4</generator>
    <language>zh</language>
    <lastBuildDate>Sun, 12 May 2024 00:00:00 +0000</lastBuildDate>
    <atom:link href="https://post.tuclink.com/zh/tags/%E5%B9%B2%E8%B4%A7/index.xml" rel="self" type="application/rss+xml" />
    <item>
      <title>数学知识</title>
      <link>https://post.tuclink.com/zh/post/collect/math/</link>
      <pubDate>Sun, 12 May 2024 00:00:00 +0000</pubDate>
      <guid>https://post.tuclink.com/zh/post/collect/math/</guid>
      <description>主要是与着色器相关的一些数学知识点</description>
    </item>
  </channel>
</rss>
