<?xml version="1.0" encoding="utf-8" standalone="yes"?>
<rss version="2.0" xmlns:atom="http://www.w3.org/2005/Atom" xmlns:content="http://purl.org/rss/1.0/modules/content/">
  <channel>
    <title>突触递质</title>
    <link>https://post.tuclink.com/en/</link>
    <description>Recent content on 突触递质</description>
    <generator>Hugo -- 0.125.4</generator>
    <language>en</language>
    <lastBuildDate>Wed, 27 Mar 2024 00:00:00 +0000</lastBuildDate>
    <atom:link href="https://post.tuclink.com/en/index.xml" rel="self" type="application/rss+xml" />
    <item>
      <title>Godot：SB Dev snapshot（Game UI Demo)</title>
      <link>https://post.tuclink.com/en/post/dev/dev-2/</link>
      <pubDate>Wed, 27 Mar 2024 00:00:00 +0000</pubDate>
      <guid>https://post.tuclink.com/en/post/dev/dev-2/</guid>
      <description>Demonstrates the user interface in the game</description>
    </item>
    <item>
      <title>Godot：SB Dev snapshot（Game Sound Demo)</title>
      <link>https://post.tuclink.com/en/post/dev/dev-1/</link>
      <pubDate>Mon, 18 Mar 2024 00:00:00 +0000</pubDate>
      <guid>https://post.tuclink.com/en/post/dev/dev-1/</guid>
      <description>Demonstrates the interactive sound effects in the game</description>
    </item>
  </channel>
</rss>
