<?xml version="1.0" encoding="utf-8" standalone="yes"?>
<rss version="2.0" xmlns:atom="http://www.w3.org/2005/Atom" xmlns:content="http://purl.org/rss/1.0/modules/content/">
  <channel>
    <title>Tags on 突触递质</title>
    <link>https://post.tuclink.com/zh/tags/</link>
    <description>Recent content in Tags on 突触递质</description>
    <generator>Hugo -- 0.125.4</generator>
    <language>zh</language>
    <lastBuildDate>Wed, 22 May 2024 00:00:00 +0000</lastBuildDate>
    <atom:link href="https://post.tuclink.com/zh/tags/index.xml" rel="self" type="application/rss+xml" />
    <item>
      <title>工具种草</title>
      <link>https://post.tuclink.com/zh/tags/%E5%B7%A5%E5%85%B7%E7%A7%8D%E8%8D%89/</link>
      <pubDate>Mon, 01 Jan 0001 00:00:00 +0000</pubDate>
      <guid>https://post.tuclink.com/zh/tags/%E5%B7%A5%E5%85%B7%E7%A7%8D%E8%8D%89/</guid>
      <description></description>
    </item>
    <item>
      <title>Hugo</title>
      <link>https://post.tuclink.com/zh/tags/hugo/</link>
      <pubDate>Mon, 01 Jan 0001 00:00:00 +0000</pubDate>
      <guid>https://post.tuclink.com/zh/tags/hugo/</guid>
      <description></description>
    </item>
    <item>
      <title>Shader</title>
      <link>https://post.tuclink.com/zh/tags/shader/</link>
      <pubDate>Mon, 01 Jan 0001 00:00:00 +0000</pubDate>
      <guid>https://post.tuclink.com/zh/tags/shader/</guid>
      <description></description>
    </item>
    <item>
      <title>干货</title>
      <link>https://post.tuclink.com/zh/tags/%E5%B9%B2%E8%B4%A7/</link>
      <pubDate>Mon, 01 Jan 0001 00:00:00 +0000</pubDate>
      <guid>https://post.tuclink.com/zh/tags/%E5%B9%B2%E8%B4%A7/</guid>
      <description></description>
    </item>
    <item>
      <title>技巧</title>
      <link>https://post.tuclink.com/zh/tags/%E6%8A%80%E5%B7%A7/</link>
      <pubDate>Mon, 01 Jan 0001 00:00:00 +0000</pubDate>
      <guid>https://post.tuclink.com/zh/tags/%E6%8A%80%E5%B7%A7/</guid>
      <description></description>
    </item>
    <item>
      <title>数学</title>
      <link>https://post.tuclink.com/zh/tags/%E6%95%B0%E5%AD%A6/</link>
      <pubDate>Mon, 01 Jan 0001 00:00:00 +0000</pubDate>
      <guid>https://post.tuclink.com/zh/tags/%E6%95%B0%E5%AD%A6/</guid>
      <description></description>
    </item>
    <item>
      <title>图片</title>
      <link>https://post.tuclink.com/zh/tags/%E5%9B%BE%E7%89%87/</link>
      <pubDate>Mon, 01 Jan 0001 00:00:00 +0000</pubDate>
      <guid>https://post.tuclink.com/zh/tags/%E5%9B%BE%E7%89%87/</guid>
      <description></description>
    </item>
    <item>
      <title>故事</title>
      <link>https://post.tuclink.com/zh/tags/%E6%95%85%E4%BA%8B/</link>
      <pubDate>Mon, 01 Jan 0001 00:00:00 +0000</pubDate>
      <guid>https://post.tuclink.com/zh/tags/%E6%95%85%E4%BA%8B/</guid>
      <description></description>
    </item>
    <item>
      <title>协议</title>
      <link>https://post.tuclink.com/zh/tags/%E5%8D%8F%E8%AE%AE/</link>
      <pubDate>Mon, 01 Jan 0001 00:00:00 +0000</pubDate>
      <guid>https://post.tuclink.com/zh/tags/%E5%8D%8F%E8%AE%AE/</guid>
      <description></description>
    </item>
    <item>
      <title>DEV-SB</title>
      <link>https://post.tuclink.com/zh/tags/dev-sb/</link>
      <pubDate>Mon, 01 Jan 0001 00:00:00 +0000</pubDate>
      <guid>https://post.tuclink.com/zh/tags/dev-sb/</guid>
      <description></description>
    </item>
    <item>
      <title>文章</title>
      <link>https://post.tuclink.com/zh/tags/%E6%96%87%E7%AB%A0/</link>
      <pubDate>Mon, 01 Jan 0001 00:00:00 +0000</pubDate>
      <guid>https://post.tuclink.com/zh/tags/%E6%96%87%E7%AB%A0/</guid>
      <description></description>
    </item>
  </channel>
</rss>
