<?xml version="1.0" encoding="utf-8" standalone="yes"?>
<rss version="2.0" xmlns:atom="http://www.w3.org/2005/Atom" xmlns:content="http://purl.org/rss/1.0/modules/content/">
  <channel>
    <title>文章 on 突触递质</title>
    <link>https://post.tuclink.com/zh/post/article/</link>
    <description>Recent content in 文章 on 突触递质</description>
    <generator>Hugo -- 0.125.4</generator>
    <language>zh</language>
    <lastBuildDate>Mon, 01 Jan 2024 00:00:00 +0000</lastBuildDate>
    <atom:link href="https://post.tuclink.com/zh/post/article/index.xml" rel="self" type="application/rss+xml" />
    <item>
      <title>热闹的孤寂-拥挤的城市与原子的个体</title>
      <link>https://post.tuclink.com/zh/post/article/lonely/</link>
      <pubDate>Mon, 01 Jan 2024 00:00:00 +0000</pubDate>
      <guid>https://post.tuclink.com/zh/post/article/lonely/</guid>
      <description>章节导读 你会感到孤独吗？ 当然我相信每人都有着不同的感受，但确实有数据表明当代的我们正在整体性的滑向孤独 明明现在的大部分人都居住在拥挤的城市之</description>
    </item>
  </channel>
</rss>
