<?xml version="1.0" encoding="utf-8" standalone="yes"?>
<rss version="2.0" xmlns:atom="http://www.w3.org/2005/Atom" xmlns:content="http://purl.org/rss/1.0/modules/content/">
  <channel>
    <title>Categories on 突触递质</title>
    <link>https://post.tuclink.com/zh/categories/</link>
    <description>Recent content in Categories on 突触递质</description>
    <generator>Hugo -- 0.125.4</generator>
    <language>zh</language>
    <atom:link href="https://post.tuclink.com/zh/categories/index.xml" rel="self" type="application/rss+xml" />
  </channel>
</rss>
