<?xml version="1.0" encoding="utf-8" standalone="yes"?>
<rss version="2.0" xmlns:atom="http://www.w3.org/2005/Atom" xmlns:content="http://purl.org/rss/1.0/modules/content/">
  <channel>
    <title>图片 on 突触递质</title>
    <link>https://post.tuclink.com/zh/tags/%E5%9B%BE%E7%89%87/</link>
    <description>Recent content in 图片 on 突触递质</description>
    <generator>Hugo -- 0.125.4</generator>
    <language>zh</language>
    <lastBuildDate>Sat, 11 May 2024 00:00:00 +0000</lastBuildDate>
    <atom:link href="https://post.tuclink.com/zh/tags/%E5%9B%BE%E7%89%87/index.xml" rel="self" type="application/rss+xml" />
    <item>
      <title>死亡搁浅摄影收集</title>
      <link>https://post.tuclink.com/zh/post/picture/death-stranding/</link>
      <pubDate>Sat, 11 May 2024 00:00:00 +0000</pubDate>
      <guid>https://post.tuclink.com/zh/post/picture/death-stranding/</guid>
      <description>死亡搁浅官方摄影征集精选</description>
    </item>
  </channel>
</rss>
