<?xml version="1.0" encoding="utf-8" standalone="yes"?>
<rss version="2.0" xmlns:atom="http://www.w3.org/2005/Atom" xmlns:content="http://purl.org/rss/1.0/modules/content/">
  <channel>
    <title>Tags on 突触递质</title>
    <link>https://post.tuclink.com/en/tags/</link>
    <description>Recent content in Tags on 突触递质</description>
    <generator>Hugo -- 0.125.4</generator>
    <language>en</language>
    <lastBuildDate>Wed, 27 Mar 2024 00:00:00 +0000</lastBuildDate>
    <atom:link href="https://post.tuclink.com/en/tags/index.xml" rel="self" type="application/rss+xml" />
    <item>
      <title>DEV-SB</title>
      <link>https://post.tuclink.com/en/tags/dev-sb/</link>
      <pubDate>Mon, 01 Jan 0001 00:00:00 +0000</pubDate>
      <guid>https://post.tuclink.com/en/tags/dev-sb/</guid>
      <description></description>
    </item>
  </channel>
</rss>
