<?xml version="1.0" encoding="utf-8" standalone="yes"?>
<rss version="2.0" xmlns:atom="http://www.w3.org/2005/Atom" xmlns:content="http://purl.org/rss/1.0/modules/content/">
  <channel>
    <title>协议 on 突触递质</title>
    <link>https://post.tuclink.com/zh/post/policy/</link>
    <description>Recent content in 协议 on 突触递质</description>
    <generator>Hugo -- 0.125.4</generator>
    <language>zh</language>
    <lastBuildDate>Sat, 13 Apr 2024 00:00:00 +0000</lastBuildDate>
    <atom:link href="https://post.tuclink.com/zh/post/policy/index.xml" rel="self" type="application/rss+xml" />
    <item>
      <title>Super Ball 服务协议</title>
      <link>https://post.tuclink.com/zh/post/policy/agreements/</link>
      <pubDate>Sat, 13 Apr 2024 00:00:00 +0000</pubDate>
      <guid>https://post.tuclink.com/zh/post/policy/agreements/</guid>
      <description>服务协议</description>
    </item>
    <item>
      <title>Super Ball 隐私政策</title>
      <link>https://post.tuclink.com/zh/post/policy/privacypolicy/</link>
      <pubDate>Sat, 13 Apr 2024 00:00:00 +0000</pubDate>
      <guid>https://post.tuclink.com/zh/post/policy/privacypolicy/</guid>
      <description>隐私政策</description>
    </item>
  </channel>
</rss>
