<?xml version="1.0" encoding="utf-8" standalone="yes"?>
<rss version="2.0" xmlns:atom="http://www.w3.org/2005/Atom" xmlns:content="http://purl.org/rss/1.0/modules/content/">
  <channel>
    <title>Hugo on 突触递质</title>
    <link>https://post.tuclink.com/zh/tags/hugo/</link>
    <description>Recent content in Hugo on 突触递质</description>
    <generator>Hugo -- 0.125.4</generator>
    <language>zh</language>
    <lastBuildDate>Sun, 12 May 2024 00:00:00 +0000</lastBuildDate>
    <atom:link href="https://post.tuclink.com/zh/tags/hugo/index.xml" rel="self" type="application/rss+xml" />
    <item>
      <title>Hugo 添加数学公式支持</title>
      <link>https://post.tuclink.com/zh/post/hugo/hugo-math/</link>
      <pubDate>Sun, 12 May 2024 00:00:00 +0000</pubDate>
      <guid>https://post.tuclink.com/zh/post/hugo/hugo-math/</guid>
      <description>使用 mathjax 添加 latex 公式支持</description>
    </item>
    <item>
      <title>为网站添加 WebGL 背景</title>
      <link>https://post.tuclink.com/zh/post/hugo/web-shader/</link>
      <pubDate>Mon, 29 Apr 2024 00:00:00 +0000</pubDate>
      <guid>https://post.tuclink.com/zh/post/hugo/web-shader/</guid>
      <description>WebGL 设置分享</description>
    </item>
    <item>
      <title>Hugo 图库 lightgallerys 方案</title>
      <link>https://post.tuclink.com/zh/post/hugo/hugo-picture-1/</link>
      <pubDate>Sun, 28 Apr 2024 00:00:00 +0000</pubDate>
      <guid>https://post.tuclink.com/zh/post/hugo/hugo-picture-1/</guid>
      <description>图库</description>
    </item>
    <item>
      <title>Hugo 图库 nanogallery 方案</title>
      <link>https://post.tuclink.com/zh/post/hugo/hugo-picture-2/</link>
      <pubDate>Sun, 28 Apr 2024 00:00:00 +0000</pubDate>
      <guid>https://post.tuclink.com/zh/post/hugo/hugo-picture-2/</guid>
      <description>图库</description>
    </item>
    <item>
      <title>Hugo 图库 photo swipe 方案</title>
      <link>https://post.tuclink.com/zh/post/hugo/hugo-picture-3/</link>
      <pubDate>Sun, 28 Apr 2024 00:00:00 +0000</pubDate>
      <guid>https://post.tuclink.com/zh/post/hugo/hugo-picture-3/</guid>
      <description>图库</description>
    </item>
  </channel>
</rss>
