<?xml version="1.0" encoding="utf-8" standalone="yes"?>
<rss version="2.0" xmlns:atom="http://www.w3.org/2005/Atom" xmlns:content="http://purl.org/rss/1.0/modules/content/">
  <channel>
    <title>工具 on 突触递质</title>
    <link>https://post.tuclink.com/zh/post/tool/</link>
    <description>Recent content in 工具 on 突触递质</description>
    <generator>Hugo -- 0.125.4</generator>
    <language>zh</language>
    <lastBuildDate>Wed, 22 May 2024 00:00:00 +0000</lastBuildDate>
    <atom:link href="https://post.tuclink.com/zh/post/tool/index.xml" rel="self" type="application/rss+xml" />
    <item>
      <title>10万&#43; 免费商用模型【精选优质资产网站】</title>
      <link>https://post.tuclink.com/zh/post/tool/model-asset/</link>
      <pubDate>Wed, 22 May 2024 00:00:00 +0000</pubDate>
      <guid>https://post.tuclink.com/zh/post/tool/model-asset/</guid>
      <description>10万&#43; 免费商用模型【精选优质资产网站】实现模型自由</description>
    </item>
    <item>
      <title>Material Maker 种草</title>
      <link>https://post.tuclink.com/zh/post/tool/material-maker/</link>
      <pubDate>Tue, 14 May 2024 00:00:00 +0000</pubDate>
      <guid>https://post.tuclink.com/zh/post/tool/material-maker/</guid>
      <description>1000&#43; 免费材质分享【Material Maker】（适用于 Godot、Unity、Unreal、Blender）</description>
    </item>
  </channel>
</rss>
