<?xml version="1.0" encoding="utf-8" standalone="yes"?>
<rss version="2.0" xmlns:atom="http://www.w3.org/2005/Atom" xmlns:content="http://purl.org/rss/1.0/modules/content/">
  <channel>
    <title>故事 on 突触递质</title>
    <link>https://post.tuclink.com/zh/tags/%E6%95%85%E4%BA%8B/</link>
    <description>Recent content in 故事 on 突触递质</description>
    <generator>Hugo -- 0.125.4</generator>
    <language>zh</language>
    <lastBuildDate>Tue, 07 May 2024 00:00:00 +0000</lastBuildDate>
    <atom:link href="https://post.tuclink.com/zh/tags/%E6%95%85%E4%BA%8B/index.xml" rel="self" type="application/rss+xml" />
    <item>
      <title>第一章 尘封 新生</title>
      <link>https://post.tuclink.com/zh/post/story/lonely/</link>
      <pubDate>Tue, 07 May 2024 00:00:00 +0000</pubDate>
      <guid>https://post.tuclink.com/zh/post/story/lonely/</guid>
      <description>昏沉的醒过来，视野中还闪烁着彩色噪点，眼前的景象随着闪烁的绿色灯光被间断的点亮 隐约能辨认出，眼前堆满了各类杂乱机械部件，自己似乎被放在了一张</description>
    </item>
  </channel>
</rss>
