<?xml version="1.0" encoding="utf-8" standalone="yes"?>
<rss version="2.0" xmlns:atom="http://www.w3.org/2005/Atom" xmlns:content="http://purl.org/rss/1.0/modules/content/">
  <channel>
    <title>技巧 on 突触递质</title>
    <link>https://post.tuclink.com/zh/post/tips/</link>
    <description>Recent content in 技巧 on 突触递质</description>
    <generator>Hugo -- 0.125.4</generator>
    <language>zh</language>
    <lastBuildDate>Sun, 12 May 2024 00:00:00 +0000</lastBuildDate>
    <atom:link href="https://post.tuclink.com/zh/post/tips/index.xml" rel="self" type="application/rss+xml" />
    <item>
      <title>Win 11 右下角设置面板无法打开</title>
      <link>https://post.tuclink.com/zh/post/tips/win-11/</link>
      <pubDate>Sun, 12 May 2024 00:00:00 +0000</pubDate>
      <guid>https://post.tuclink.com/zh/post/tips/win-11/</guid>
      <description>解决 Win 11 右下角设置面板老是无法打开的问题</description>
    </item>
    <item>
      <title>如何在 Github 中使用编辑器</title>
      <link>https://post.tuclink.com/zh/post/tips/github/</link>
      <pubDate>Sun, 21 Apr 2024 00:00:00 +0000</pubDate>
      <guid>https://post.tuclink.com/zh/post/tips/github/</guid>
      <description>在 Github 中使用编辑器</description>
    </item>
    <item>
      <title>FFmpeg 音频转换脚本</title>
      <link>https://post.tuclink.com/zh/post/tips/ffmpeg/</link>
      <pubDate>Tue, 19 Mar 2024 00:00:00 +0000</pubDate>
      <guid>https://post.tuclink.com/zh/post/tips/ffmpeg/</guid>
      <description>FFmpeg 音频转换</description>
    </item>
  </channel>
</rss>
